id_coche,marca,modelo,ano,matricula,id_cliente
1,Hyundai,Veracruz,2007,5N1AN0NU4AC266862,1
2,Lotus,Elan,1993,WAUBFAFL6BN537814,2
3,Cadillac,Escalade EXT,2003,JM1GJ1T52E1100675,3
4,Hyundai,Accent,2003,WAUKGAFB4AN884965,4
5,GMC,Savana Cargo Van,2006,WBAUN9C56AV048795,5
6,Audi,Q5,2009,WVGAV7AX8CW314969,6
7,Acura,TL,1998,1GYS4JEF6ER631204,7
8,Toyota,Tercel,1993,3D4PH9FG9BT116192,8
9,Pontiac,Grand Am,1989,2V4RW3DG0BR991942,9
10,Mazda,Mazdaspeed 3,2010,WDDGF4HB2CF055230,10
11,Oldsmobile,Ciera,1993,19XFA1E84BE814755,11
12,Plymouth,Grand Voyager,1997,WBAVD33596K273435,12
13,Lexus,LS,2005,SALAB2D42CA047447,13
14,Bentley,Azure,2008,1FTEX1E84AF671379,14
15,Jeep,Wrangler,1999,SCFAB01A67G911801,15
16,Volkswagen,New Beetle,2007,3D73Y3CL4BG336137,16
17,Porsche,944,1985,SAJWJ0FF3F8845228,17
18,Pontiac,Firebird Formula,1999,WBA1F5C57EV526950,18
19,Ford,Galaxie,1966,1G6DH8E58C0728573,19
20,Ford,Ranger,1992,JTDBT4K31B4678539,20
21,Bentley,Arnage,2009,1FTWX3B52AE245514,21
22,Suzuki,Esteem,2002,WAURMAFD6EN134675,22
23,Audi,A3,2007,WAUMF98K59N829766,23
24,Infiniti,QX56,2012,SCBCR73WX8C365052,24
25,Jaguar,XJ,2006,3C6TD5HT2CG771547,25
26,Acura,RDX,2007,2GKALMEK4C6706885,26
27,Lincoln,Mark VIII,1994,JN1CV6EK8EM170685,27
28,Subaru,Baja,2005,3VWJX7AJ4AM421361,28
29,Land Rover,Freelander,2004,JM3TB2BA7B0112099,29
30,Infiniti,QX56,2007,WBS3R9C55FF665845,30
31,Ford,Mustang,1969,1FMJK1G59BE334659,31
32,Buick,Skylark,1985,KNDPB3A2XD7512100,32
33,Mercedes-Benz,SL-Class,2004,SCFHDDBT0EG242731,33
34,Toyota,Highlander,2009,1G6DS5E34C0587080,34
35,Ford,Escape,2003,5J8TB3H33GL965341,35
36,Subaru,Loyale,1991,WAUFFAFL5DA839932,36
37,Mercury,Monterey,2007,WBAXA5C56FD754969,37
38,Ford,Escape,2003,WA1DGBFE3BD151206,38
39,Toyota,Tercel,1995,WAUKFBFL1BN026839,39
40,Lincoln,MKS,2009,5UXFB53565L248198,40
41,Volkswagen,Eos,2010,1FTSF3B57AE245381,41
42,Hyundai,XG350,2004,5TDBM5G11AS368047,42
43,Mazda,Mazda6,2006,5TFBW5F10BX697572,43
44,Jeep,Cherokee,2000,SCBCR63W26C016278,44
45,Hyundai,Azera,2012,2G4WC532051707831,45
46,Mazda,Protege,2003,1FMCU4K38CK688640,46
47,Ferrari,612 Scaglietti,2006,WBALM7C52CE552623,47
48,Jaguar,XK Series,2005,JN1CV6FE1AM407746,48
49,Saab,9-5,2004,WDDGF4HB1EG807397,49
50,GMC,Jimmy,1996,WAULT64B82N379691,50
51,Saturn,Aura,2007,WDDUG7JB9EA534840,51
52,Mercury,Mystique,1999,WA1C8AFP5EA489877,52
53,Volkswagen,Jetta,2012,WA1CGAFE1DD178459,53
54,Audi,Coupe Quattro,1990,SALGS2DF2DA855391,54
55,Volkswagen,Passat,2001,5J8TB18588A698250,55
56,Ford,Contour,1997,1GD01XEG1FZ995464,56
57,Pontiac,Firebird,1986,1FMEU2DE6AU608619,57
58,Mazda,MPV,1992,3GYFK66NX5G951751,58
59,Infiniti,I,1999,1HGCP2E75BA341404,59
60,Ford,Transit Connect,2012,1FMNE1BW4AD882226,60
61,GMC,Sierra 2500,2008,WAUA2AFD1EN885640,61
62,Hummer,H2,2009,1G4GE5G31FF342975,62
63,Chevrolet,Corvette,1961,WAUHFAFL2AN514636,63
64,GMC,Vandura G3500,1996,JH4DB85921S337064,64
65,Mercury,Villager,1994,1GYUCEEJ3AR682550,65
66,Acura,MDX,2001,WAUKG94F26N617643,66
67,Pontiac,Bonneville,1964,1C4RJEAG5EC081905,67
68,Cadillac,CTS-V,2010,WP0AA2A91ES310132,68
69,Mazda,Tribute,2009,WAUSH98E36A642105,69
70,Chevrolet,S10,1996,SCBBR53W56C550140,70
71,Ford,Mustang,2000,5TFCW5F19CX027511,71
72,Buick,Riviera,1995,SAJWA4EC5BM767793,72
73,Ford,Expedition,2009,1G4GG5G31DF898274,73
74,Acura,Vigor,1994,5XYZT3LB4FG784733,74
75,Chevrolet,Suburban 2500,1997,WA1LGAFE0BD641687,75
76,Oldsmobile,LSS,1999,JN1AZ4EH7BM896845,76
77,Ford,F150,1992,1C4RDJDGXFC157812,77
78,Ram,Dakota,2011,WAUWFAFL1AA847327,78
79,Volkswagen,rio,2001,5FRYD3H8XEB651534,79
80,Land Rover,Defender Ice Edition,2010,WBANE73526B771707,80
81,Bentley,Brooklands,2010,WAUXD68DX1A550182,81
82,Oldsmobile,LSS,1999,1G4CW54K634925718,82
83,Acura,RDX,2012,1GYS4HKJ3FR900794,83
84,Buick,Century,1988,1G6KE54Y95U140591,84
85,Buick,Regal,1998,JTHKD5BH3E2419743,85
86,Ford,Explorer,1992,1G4GA5EC4BF007542,86
87,Chevrolet,2500,1995,WDDEJ7KB5CA525957,87
88,Mazda,CX-9,2009,5N1AA0NCXDN962850,88
89,Audi,R8,2011,WAULH54B01N179107,89
90,Chevrolet,Silverado,2007,WVGBF7A95AD364174,90
91,Hummer,H3,2006,1C3CDZBG3DN977503,91
92,Ford,Fiesta,2001,JHMZF1D47FS807152,92
93,Hyundai,Accent,2006,4T1BD1EB7EU281951,93
94,Mazda,626,1985,5N1AN0NU8AC343135,94
95,Toyota,Yaris,2008,JH4CL95985C533217,95
96,Cadillac,Brougham,1992,1G6AC5S33D0789639,96
97,Ford,Contour,1999,5GTMNGEE8A8516652,97
98,Pontiac,Grand Prix,2002,JM1NC2EF7A0104685,98
99,GMC,Suburban 2500,1998,1C4RDHAG8FC642639,99
100,Ford,F150,1992,1G6AJ5S32E0221065,100
101,Plymouth,Sundance,1993,YV1982BW4A1519457,101
102,Plymouth,Breeze,1998,JTHKD5BH6B2738954,102
103,Volvo,S40,2000,JN1AZ4EH4EM681508,103
104,Saab,9-3,2009,WAUEH78E46A875444,104
105,Kia,Sorento,2005,1GKUCKE03AR389098,105
106,Bentley,Continental GTC,2012,5NPET4AC8AH280929,106
107,Dodge,Ram 3500,1995,2HNYD28269H188440,107
108,Volkswagen,Passat,1991,5N1AR1NB8CC919382,108
109,Volkswagen,GTI,1993,1N4AL2AP9CC474797,109
110,Toyota,Corolla,1993,3C4PDCAB0ET886769,110
111,Lotus,Elan,1992,1FTEW1E84AF564948,111
112,Ford,Fairlane,1967,WVGEF9BPXDD521434,112
113,Mercedes-Benz,CL-Class,1998,WBASP0C51DC411047,113
114,Subaru,Forester,2000,3D4PH7FG1BT221118,114
115,Mercedes-Benz,300TE,1993,4USBU53507L078394,115
116,Mitsubishi,Pajero,2006,SALSF2D49AA757676,116
117,Nissan,Pathfinder,1997,1C4RDJEG1EC051083,117
118,Jaguar,S-Type,2002,3D7JV1EP3AG937980,118
119,Bentley,Azure,2008,WA1LFAFP5FA641700,119
120,Subaru,Impreza,1999,WBA3B1C53FK820491,120
121,Volkswagen,Golf,1987,YV4960BZ6A1590957,121
122,Kia,Sportage,1997,JTJBARBZ3F2240059,122
123,Porsche,911,2001,1G6AD5S37E0409362,123
124,Mercedes-Benz,C-Class,2003,1G4CW54K654980897,124
125,Volkswagen,Passat,1998,4USBT53473L640702,125
126,Nissan,Sentra,1997,SCBGH3ZA2EC582213,126
127,Subaru,Legacy,2005,19UUA76598A752555,127
128,Maserati,228,1990,1N6AA0CCXAN660233,128
129,Volkswagen,Golf,1994,3GYFNDE31FS662929,129
130,Infiniti,Q,1993,WBACN33451L164646,130
131,Suzuki,Sidekick,1992,YV4960BZ2A1131490,131
132,Lamborghini,Gallardo,2007,JTEBU5JR5D5151637,132
133,Chevrolet,Corvette,1988,1C4SDJCT3DC370548,133
134,Oldsmobile,Ciera,1995,1GT3C0BG8AF226607,134
135,Scion,xB,2006,5GADV23L65D926036,135
136,Maserati,Quattroporte,1984,KMHTC6AD3FU814536,136
137,Aston Martin,Vanquish S,2006,1FTEW1C89AF390085,137
138,Infiniti,G,2006,1G6DC67A490690149,138
139,GMC,Rally Wagon 3500,1994,5GAKRCED5BJ461057,139
140,Dodge,Stratus,2004,WBAPM77549N855407,140
141,Ford,F150,1998,5N1AA0NE4FN452742,141
142,Chrysler,Concorde,2001,YV440MBM5F1517738,142
143,GMC,3500 Club Coupe,1993,5UXFG2C56E0253841,143
144,Chrysler,Aspen,2008,WAUKGAFB5BN151776,144
145,Isuzu,Ascender,2005,3D7JB1EP0BG983440,145
146,Lamborghini,Diablo,1995,WAUKG74F76N916632,146
147,Ford,Five Hundred,2007,1FTWW3A56AE651509,147
148,Honda,Civic,1990,JN1AY1AP5BM026851,148
149,Mercury,Tracer,1988,JN1CV6FE4DM977907,149
150,Lincoln,Continental,1984,TRUVD38JX91857223,150
151,GMC,Yukon,2012,1D7CW3BK7AS943851,151
152,Volkswagen,Touareg 2,2009,JTHBL5EF9D5293480,152
153,Ford,Tempo,1984,1G6DK5EY9B0138181,153
154,Dodge,Colt,1993,YV4612HK2F1233726,154
155,Mazda,Tribute,2011,WBABN33461J044751,155
156,Toyota,Land Cruiser,2004,1ZVBP8AM8E5791776,156
157,Saab,9-5,2005,4T1BK1EB2FU062399,157
158,Suzuki,Esteem,2001,WBA5B3C59FD876119,158
159,GMC,Canyon,2006,3C63D3KL4CG453359,159
160,Aston Martin,V8 Vantage,2007,2HKRM3H51FH185555,160
161,Volkswagen,GTI,1990,5TFCW5F19BX171462,161
162,Mercedes-Benz,300TE,1992,WBAEV53402K530573,162
163,Oldsmobile,Alero,2003,KNAGM4AD2D5078586,163
164,Mercedes-Benz,C-Class,2006,2HNYD2H82DH960817,164
165,Bentley,Continental Flying Spur,2011,1G6AJ5S3XF0594095,165
166,GMC,Envoy,1998,WBABS33423P847016,166
167,Mercedes-Benz,SL-Class,2008,TRUDD38J081175896,167
168,Pontiac,Bonneville,1966,2D4RN3DG1BR828328,168
169,Ford,Club Wagon,1994,SAJWA4EC5EM586763,169
170,Lexus,LS,2010,WBAKG1C57CJ288791,170
171,Cadillac,Seville,1997,1G4HP54KX1U551288,171
172,Mitsubishi,Montero,1994,WAUMFAFL2CN789246,172
173,Dodge,Ram,2008,3VW467AT8CM331490,173
174,Lexus,ES,2004,2T3BFREV5DW038938,174
175,Lexus,LS,1990,3N1AB6AP8BL876708,175
176,Mitsubishi,Galant,1987,3VWPG3AG6AM604557,176
177,Ford,Focus,2006,1N6AD0CU9EN396119,177
178,Suzuki,Aerio,2005,JTHBW1GG6D2095639,178
179,Mitsubishi,Mighty Max Macro,1993,KMHTC6AD4CU452485,179
180,Volvo,XC90,2006,1G4HG5EMXAU940626,180
181,Honda,Accord,1997,WBANV13568C433415,181
182,Oldsmobile,Intrigue,2000,WAULC68E93A189220,182
183,Dodge,Ram,2011,5N1AN0NW6FN265791,183
184,Bentley,Arnage,2007,JM1CW2CL9F0721830,184
185,Geo,Tracker,1993,1GYFC56239R282631,185
186,Buick,Rainier,2006,WBAWR33559P511374,186
187,Mitsubishi,Expo,1993,SCFKDCEP8EG486013,187
188,Mercedes-Benz,M-Class,2012,JH4CU2E87EC975708,188
189,Chrysler,LHS,1994,1FAHP3CN4AW878820,189
190,Dodge,Ram Van B150,1994,5YMGY0C53AL715117,190
191,Toyota,Tercel,1992,WDCYC7DF5FX321060,191
192,Dodge,Sprinter,2008,WBAKB8C59AC622330,192
193,Chevrolet,2500,2000,SALAG2D41CA699154,193
194,Mitsubishi,Expo,1993,4T1BD1FK4FU703531,194
195,Cadillac,Escalade ESV,2004,SCFFDAAE6BG223587,195
196,Scion,xD,2011,SCBDC47L19C182368,196
197,Kia,Sorento,2011,WBANV13519C223967,197
198,Hyundai,Elantra,1993,WAUJC58E65A759422,198
199,Hyundai,Accent,2013,JN1AZ4EH5AM905878,199
200,Acura,Integra,1994,JH4CL96817C798487,200
201,Hyundai,Sonata,2003,2C4RVAAG6CR116212,201
202,Chrysler,Voyager,2000,WBAGL63453D550764,202
203,BMW,X3,2004,JH4CW2H53CC623766,203
204,Nissan,Versa,2010,WVWED7AJ9CW773237,204
205,Cadillac,XLR,2009,SAJWA6E77E8925241,205
206,GMC,Yukon XL 2500,2003,JN1BY1PRXFM200285,206
207,Chevrolet,Camaro,1977,2C3CCADT6CH090743,207
208,Toyota,Prius,2003,WVWGU9AN9BE232796,208
209,Acura,SLX,1999,3N1CN7AP1EL062877,209
210,Ford,Taurus,1992,WBAYE4C50ED008194,210
211,Mitsubishi,Montero Sport,2002,WDDGF4HBXEG594384,211
212,Kia,Sportage,2012,2G4GN5EC9B9453781,212
213,Dodge,Viper,2005,WAUWMAFC9FN576555,213
214,Toyota,Sienna,2006,WAUBFAFL8EN183430,214
215,Mercedes-Benz,CLS-Class,2012,WAUML64B43N803664,215
216,Chrysler,Sebring,1997,WAUMFAFL9DN675942,216
217,Lincoln,Town Car,2004,19UUA9F23AA287939,217
218,Pontiac,Vibe,2006,TRUWT28NX41458812,218
219,Mercedes-Benz,G-Class,2007,3C63DRBL1CG522513,219
220,Saab,9-3,2007,1C6RD7MT5CS043029,220
221,GMC,2500,1999,1D7RW3GK5BS862769,221
222,Chevrolet,Lumina,1992,19UUA56782A567443,222
223,Pontiac,Sunbird,1991,WP1AE2A22EL014095,223
224,BMW,M6,2007,1GTG5AE31F1403500,224
225,Acura,RL,1997,5LMJJ2H58DE213809,225
226,Subaru,SVX,1994,WAUCFAFR3AA644348,226
227,Ford,Ranger,1987,1G6AX5SXXF0237789,227
228,Honda,Passport,1997,1C4NJCBA4ED569542,228
229,Mercury,Sable,2008,2D4RN3DG6BR188293,229
230,Cadillac,DeVille,2003,4USFE43527L906566,230
231,Porsche,911,2003,4USDU53528L185943,231
232,Volkswagen,Jetta,2004,SAJWA1C71D8987190,232
233,Oldsmobile,Cutlass Supreme,1992,1G6AD5S32D0392940,233
234,Chevrolet,Monte Carlo,1996,WBAPK5C53BF395396,234
235,Honda,Odyssey,1996,WBA3T7C54FP110051,235
236,Mercury,Tracer,1992,WAUSH78E76A459276,236
237,Oldsmobile,Cutlass Supreme,1993,1GYS4HEF8BR549379,237
238,Ford,E-Series,2008,WAUML54B03N831889,238
239,Mitsubishi,Pajero,2000,JH4CU2F48EC644079,239
240,Toyota,RAV4,1996,1YVHZ8BA6A5895313,240
241,Toyota,RAV4,2008,1N6AA0EC0EN271197,241
242,Mercury,Grand Marquis,1989,KL4CJDSB6FB700807,242
243,Subaru,Outback,2009,SALAC2D46BA447572,243
244,Mazda,Millenia,1999,WBAXG5C5XCC454108,244
245,Maserati,Spyder,1991,1GYS3BEF7ER116186,245
246,BMW,3 Series,2012,WDDGF4HB1CA296614,246
247,Isuzu,Rodeo,1997,WBA3F9C5XDF285944,247
248,Oldsmobile,LSS,1997,SAJWA6FC6E8627128,248
249,Cadillac,Brougham,1992,4T1BD1FK4FU131103,249
250,Ford,Econoline E350,1993,1FMJU1G59AE530576,250
251,Infiniti,G37,2011,1FAHP3GN7AW322074,251
252,Infiniti,G,1994,WAUVC68E72A128827,252
253,Mercury,Grand Marquis,1998,1VWAH7A35DC867734,253
254,Ford,Tempo,1986,WBABS53451J357021,254
255,BMW,M3,2002,2GKALMEK5F6346434,255
256,Volkswagen,New Beetle,2006,JN8AF5MR3CT683232,256
257,Mercury,Mountaineer,2006,2B3CJ5DT9BH998936,257
258,Mercedes-Benz,C-Class,2001,WVGFG9BP9CD789357,258
259,Chevrolet,Caprice,1992,KNAFZ6A37F5146061,259
260,Ferrari,458 Italia,2012,1G6DS57V690380696,260
261,Lotus,Esprit,2004,1GD21ZCG4CZ400738,261
262,Volvo,C70,2002,WAUDFBFC4CN598238,262
263,Mercury,Cougar,2002,JTDKDTB33C1450388,263
264,Dodge,Ram 2500 Club,1999,1GYS4FEJ5CR104916,264
265,Pontiac,Firebird Trans Am,1986,WAUSH78E66A415236,265
266,Ford,EXP,1987,3D7JV1EP1BG252829,266
267,Subaru,Legacy,1990,SCBZB25E42C133253,267
268,Subaru,XT,1989,SALVN2BG0FH168978,268
269,Buick,Electra,1985,3VWAL7AJ7AM372586,269
270,Cadillac,Eldorado,1996,JTDKN3DU2F0398720,270
271,Acura,RDX,2010,3VW517AT0EM610342,271
272,Oldsmobile,Silhouette,1999,1GD312CG8BF763491,272
273,Land Rover,Discovery,2012,3VW517AT8FM192209,273
274,Ford,Festiva,1991,2FMGK5CC7AB087500,274
275,Mitsubishi,Galant,2010,1N6AA0CH0FN490841,275
276,Plymouth,Grand Voyager,1996,1FTSW3B52AE061305,276
277,Audi,A8,2010,WA1LGBFE6BD675705,277
278,Chevrolet,Monte Carlo,2001,1N4AL2AP6BN684471,278
279,Land Rover,Range Rover,1987,2C3CDZAG2FH227751,279
280,Audi,S4,2005,3D73M4CL0BG748878,280
281,BMW,3 Series,1996,5GAEV23D19J594138,281
282,Mercedes-Benz,CL-Class,2000,2FMHK6DT5AB102164,282
283,Chevrolet,Tahoe,1996,JM1GJ1T59F1337424,283
284,Ford,Taurus,1991,JH4CL95906C687566,284
285,Jeep,Liberty,2010,1FMEU6FE6AU320362,285
286,Dodge,Ram 3500,2006,5UMDU93528L734095,286
287,Land Rover,Defender,1992,4T1BF1FK6EU490963,287
288,Pontiac,6000,1990,1J4AA2D16BL085194,288
289,Volkswagen,Golf,1991,JM1NC2JF4D0958947,289
290,Chevrolet,G-Series 3500,1997,WAUKD78P17A942101,290
291,Subaru,Forester,2003,1G6AW5SX7E0999611,291
292,Hummer,H3,2006,WAUML64B82N543025,292
293,Lincoln,MKZ,2012,WAUAH74F28N560182,293
294,Chevrolet,Silverado 2500,2005,3C6JD7EP7CG440232,294
295,Oldsmobile,Silhouette,1993,JA32U2FU3EU312430,295
296,Acura,MDX,2010,1G6KD57Y59U449737,296
297,Chrysler,300M,2004,SCBBR93W79C546845,297
298,Infiniti,QX,1997,WAUNF98P78A038211,298
299,Chrysler,Town & Country,2002,WBAVL1C59DV203727,299
300,Ford,Thunderbird,1958,WBS3R9C58FK919359,300
301,Suzuki,Esteem,2001,1C4RDHEG5FC964830,301
302,Scion,tC,2009,3VWML7AJ6BM607784,302
303,Mercury,Montego,2006,WAULC58E13A913797,303
304,GMC,Yukon XL 2500,2000,4F2CY0C75AK982645,304
305,GMC,Suburban 1500,1997,3D73M4CL3BG656308,305
306,Mercedes-Benz,500SL,1992,1FT7W2A65EE454456,306
307,Mazda,Miata MX-5,2001,JH4KC1F9XFC990396,307
308,Subaru,Legacy,2005,2G4GN5EK9C9566073,308
309,Isuzu,Oasis,1996,WAULT68E72A529690,309
310,Dodge,Ram 1500,2008,2HNYB1H66CH311194,310
311,Mercedes-Benz,S-Class,2012,JN1CV6EK0FM201123,311
312,Ford,EXP,1984,WAUFFBFL6CN008338,312
313,Pontiac,Firefly,1992,JN8AZ1MU4CW893549,313
314,Mitsubishi,Mirage,1993,WP0AB2A86FK982757,314
315,BMW,7 Series,1996,JA32U2FU7DU349270,315
316,Infiniti,QX,2000,1GD12XEG3FF036117,316
317,Chevrolet,Cobalt,2009,3GYFNCE31DS067232,317
318,Audi,S4,2005,1G4GL5E39CF146495,318
319,Ford,F250,2003,WA1DKAFP1BA564821,319
320,Hyundai,Elantra,2002,1GYFK63898R346171,320
321,GMC,Yukon XL 1500,2005,19XFB4F2XDE680572,321
322,Toyota,Tacoma,2003,WDDLJ7DBXDA272463,322
323,Bentley,Brooklands,2010,WVGEP9BP4FD468763,323
324,Toyota,Corolla,2001,2T1BU4EE3BC757086,324
325,Chevrolet,Sonic,2012,WVWED7AJ7DW223617,325
326,Honda,Ridgeline,2008,WAUBF98E98A527419,326
327,Toyota,Avalon,2006,TRUWT28N621550755,327
328,Lincoln,Navigator,2004,1D4PT2GK8AW744083,328
329,Dodge,Ram Wagon B350,1994,SCFFDABE6CG440394,329
330,Pontiac,Firebird,1991,5N1AA0NCXDN192164,330
331,Chevrolet,Suburban 2500,2010,WAUJT68EX5A694886,331
332,Jaguar,XK Series,2000,1C4AJWAG5FL119704,332
333,Chevrolet,Camaro,2011,YV4902DZ5E2681809,333
334,Ford,F250,2007,1G6DM57T870611913,334
335,Mercedes-Benz,SLR McLaren,2005,WBAEN33444P495241,335
336,Lincoln,Continental,1999,1C3CCBBB0DN080346,336
337,Mitsubishi,Montero,2002,1FTSW2B54AE807439,337
338,Mercedes-Benz,C-Class,1997,WAUDF98E46A419943,338
339,Pontiac,Daewoo Kalos,2005,SCFEFBAC0AG494525,339
340,Chevrolet,Avalanche 2500,2003,SAJWA4FB4CL239725,340
341,Volvo,V50,2007,WDDHF2EB8CA502900,341
342,Toyota,Camry Solara,2007,5TFCY5F11DX950903,342
343,Chevrolet,Lumina,2000,WAUSF78K69A335578,343
344,Chevrolet,Express 2500,1997,WBAKF5C56DE110942,344
345,GMC,Savana,2010,1G4HE57Y46U483163,345
346,Tesla,Roadster,2011,2HNYD18755H570054,346
347,Pontiac,Firefly,1990,2G4GR5EK7C9553097,347
348,Mazda,RX-8,2010,WBANW5C5XAC645731,348
349,Lexus,LX,2007,WAUEKBFBXAN170369,349
350,Ford,E350,2012,WBAPK5C56AA844114,350
351,Mazda,CX-9,2007,WBASN2C54BC309272,351
352,Maserati,Spyder,1989,JTHKD5BH8E2284209,352
353,Plymouth,Colt,1992,1GYFK66858R973932,353
354,Porsche,968,1995,WUADNAFG8BN433183,354
355,Infiniti,EX,2009,WBAYE8C54DD163675,355
356,Mazda,RX-7,1986,3FA6P0D95DR341887,356
357,Chevrolet,Express 1500,1998,5N1AA0NC1BN650039,357
358,GMC,Yukon Denali,2006,1N6AA0EC8EN220112,358
359,Eagle,Vision,1994,137ZA84321E524135,359
360,Isuzu,Trooper,1993,WAUPN94E59N374949,360
361,Chrysler,Sebring,2005,WAUAF98E37A951883,361
362,Hyundai,Sonata,2012,WBAGL635X5D490752,362
363,Buick,Century,1996,WUAAU34229N048737,363
364,Mercedes-Benz,SLS-Class,2011,1FADP5AU7EL111121,364
365,Chevrolet,Corvette,1986,WAUGVAFR8CA384701,365
366,Mazda,MX-5,2007,JN1CV6FE1EM250368,366
367,Kia,Spectra,2009,1G4GJ5E31CF607744,367
368,Chevrolet,Express,2009,KMHGH4JH3FU997012,368
369,Nissan,350Z,2008,JN1CV6EK1BM267979,369
370,Jaguar,X-Type,2006,SCFAD22313K756829,370
371,Pontiac,Sunfire,1998,TRUB3AFK8C1509823,371
372,Ford,F450,2011,2C3CDXJG2CH937958,372
373,Toyota,Echo,2002,1FTNF1E84AK815054,373
374,Lamborghini,Gallardo,2009,SALSF2D4XAA851551,374
375,Mazda,MX-5,2010,3G5DA03LX6S413928,375
376,Honda,Odyssey,1998,1G4HP57M59U130684,376
377,Toyota,Camry,2004,SALSF2D47CA605401,377
378,GMC,Suburban 2500,1999,WBA3N9C52EF994565,378
379,Mercury,Villager,1994,2GKALMEK5F6163146,379
380,Cadillac,CTS,2003,WAUML64B53N406156,380
381,Isuzu,Ascender,2009,1GYS3LKJ5FR326706,381
382,Mazda,Tribute,2010,WBA3T3C58EJ576012,382
383,Pontiac,G3,2009,WAUAFAFL3FA115900,383
384,GMC,2500,1993,WAUGL98E77A149369,384
385,Toyota,Tundra,2007,1G6KH5E68BU557779,385
386,Austin,Mini,1959,1FTNS2EW3AD155058,386
387,Mercedes-Benz,Sprinter 3500,2011,2HNYD18224H049585,387
388,Dodge,Challenger,2010,5UXFA93575L424847,388
389,Ford,Windstar,2004,TRUSX28N121698508,389
390,Honda,Passport,2002,WBAUP9C51BV035853,390
391,Mitsubishi,Montero Sport,1999,1N6AA0CJ6DN824760,391
392,Cadillac,Seville,2004,WBA3B1G56FN254464,392
393,GMC,Yukon XL 1500,2011,WBXPA73435W676646,393
394,Chevrolet,Venture,1999,1FTSW2A56AE284524,394
395,Audi,TT,2009,KMHGC4DD8EU171438,395
396,MINI,Cooper,2012,5FRYD4H43FB655557,396
397,Mitsubishi,Endeavor,2006,1FTEX1C81AF624684,397
398,Pontiac,Grand Prix,1994,JN8AF5MR2DT269215,398
399,Nissan,280ZX,1979,JTDBT4K34B4122645,399
400,Ford,F250,1984,WBAPK7C54BA691438,400
401,Geo,Tracker,1992,4T1BF1FK8EU484498,401
402,Volvo,C70,1998,1FTEX1CM9CF650157,402
403,Maybach,57,2009,WDDNG7DB0CA635942,403
404,Suzuki,Aerio,2004,5N1AA0NE4FN075362,404
405,Audi,A4,1999,JTDZN3EU9FJ033569,405
406,Audi,S4,2005,1J4AA2D11AL195309,406
407,Mazda,Mazda6,2005,WAUVT58E25A746510,407
408,Mercedes-Benz,SLK-Class,2004,1FMCU0C72CK712408,408
409,Mitsubishi,Lancer Evolution,2004,WDDGF5EB9AF710068,409
410,Nissan,Frontier,1999,WUAUUAFG5CN888657,410
411,Honda,Passport,1997,WAUEFAFL8DA923335,411
412,Volkswagen,Jetta,2011,3VW517AT3FM552180,412
413,Lincoln,Town Car,2006,4T1BK1EB0EU264060,413
414,Lexus,GS,2004,SALSF2D44BA333825,414
415,Ford,Mustang,2008,WAUEF48HX8K825790,415
416,Chevrolet,Camaro,1973,5N1AN0NU5AC407034,416
417,Mercedes-Benz,W201,1984,WAUEF98E48A221113,417
418,Mazda,Protege,1997,WAUGFAFC3EN425823,418
419,Audi,A6,2008,WA19FAFL7DA859917,419
420,Dodge,Viper,1994,WAUGL78E36A140784,420
421,Subaru,Outback,2002,5XYZG3ABXBG335638,421
422,Honda,Prelude,1996,1FTEX1CM7DF428217,422
423,GMC,Savana 1500,2001,JA32X8HW5CU964259,423
424,Chevrolet,Tracker,2000,1N4AA5AP1EC442565,424
425,Ford,Contour,1999,4T1BF3EKXBU546539,425
426,Toyota,Solara,2003,1FTSW3A57AE898665,426
427,Audi,90,1989,1G6YV34A045830725,427
428,Mercedes-Benz,Sprinter,2011,3D7TT2CT6BG980926,428
429,Ford,E-Series,1985,5FPYK1F47CB566408,429
430,Dodge,Avenger,1995,1N6AA0EJ7FN878603,430
431,Cadillac,Seville,2004,1G4PP5SK1F4141968,431
432,Pontiac,GTO,1974,WAULK98K49N923919,432
433,Subaru,Justy,1990,2G61N5S3XF9902859,433
434,BMW,600,1958,WAUKGAFB7BN038427,434
435,BMW,7 Series,2001,2FMGK5B86FB119325,435
436,Volkswagen,New Beetle,2001,WVGFF9BP7BD406680,436
437,Lamborghini,Diablo,1995,1C4NJCBA7DD120659,437
438,Ford,Mustang,2004,WAUUFAFH7BN189137,438
439,BMW,5 Series,2007,KNALN4D70F5310770,439
440,Lexus,GX,2005,1FTEX1CM0CF577891,440
441,Nissan,Quest,1999,1FTEW1CW8AK095582,441
442,Audi,Cabriolet,1998,WBA3A5C54DF779837,442
443,Ford,F-Series Super Duty,2011,WAUKFBFL2BA017770,443
444,Lexus,LS,2006,1FAHP3CN7AW974361,444
445,Mazda,Millenia,1999,WBAKA83539C831044,445
446,Austin,Mini,1959,JTDKN3DU0B0965498,446
447,Ford,F150,2001,1GD11ZCG2CF631067,447
448,Dodge,Ram 3500 Club,1996,5UXFG83529L490558,448
449,Mazda,Mazda3,2012,JTEBU5JR6F5328134,449
450,Chevrolet,Corvette,1954,WAUSF78E86A497640,450
451,Pontiac,1000,1986,1GYS3CEFXCR350616,451
452,Mazda,626,2002,1C3BC7EG1BN942857,452
453,Toyota,4Runner,2009,1G6AM1R38F0194123,453
454,Bentley,Azure,2009,1C3CDFBB9FD711656,454
455,Toyota,Tundra,2006,1GD311CG3FZ580725,455
456,Nissan,200SX,1996,19XFB4F27DE491040,456
457,Bentley,Azure T,2010,JTDZN3EU2FJ946612,457
458,Dodge,Ramcharger,1993,1GD21XEG6FZ402920,458
459,Chevrolet,Cavalier,1997,WVGEF9BP7FD953658,459
460,Mitsubishi,Galant,1987,JTDKN3DP7F3167806,460
461,Chevrolet,Classic,2005,JN8AF5MV8FT342751,461
462,Buick,Skylark,1997,1G6DN57S350906516,462
463,Dodge,Dakota,2010,1FMJK1JTXFE225334,463
464,Mazda,CX-7,2009,2G4GN5EX1E9732925,464
465,Pontiac,Bonneville,2001,WAUAVAFD4CN326247,465
466,Audi,A4,2003,3CZRE3H35AG905236,466
467,Mazda,MX-5,1996,19UUA8F3XEA890508,467
468,Pontiac,6000,1988,WA1LMBFE6ED129757,468
469,Ford,Tempo,1987,KNAFK4A6XF5636030,469
470,Audi,S6,2009,WAULT58E02A595802,470
471,Mazda,MX-5,2001,WBA3B9C51EJ209278,471
472,Mercury,Cougar,1997,3N6CM0KN0FK774595,472
473,Nissan,Quest,2002,3VW4A7ATXCM843427,473
474,Mercedes-Benz,E-Class,1997,5N1AR1NBXCC928939,474
475,Ford,Econoline E150,1998,WAUCVAFR4BA635100,475
476,Bentley,Mulsanne,2012,4USBT33594L723370,476
477,Lamborghini,Murciélago,2007,WAUBH78E07A036279,477
478,Jeep,Liberty,2008,YV1902FHXD1358300,478
479,Hyundai,Accent,2002,4T1BF1FK2DU060667,479
480,Saturn,Sky,2008,WA1YL54B44N614149,480
481,Saab,9-5,2006,WUARL48HX4K105402,481
482,Toyota,Cressida,1992,TRUTC28N821523267,482
483,Nissan,Maxima,1998,1FBNE3BL8DD770902,483
484,Infiniti,QX,2012,WDCGG0EB7FG832014,484
485,Eagle,Talon,1995,JTJBM7FX3B5214400,485
486,Chevrolet,Venture,1998,2C3CDZBT9FH887295,486
487,Chrysler,PT Cruiser,2001,1FTEW1C87AF173618,487
488,Chrysler,300C,2005,WAUSH94F87N227855,488
489,Jeep,Liberty,2011,2C3CCAGG5EH529111,489
490,Toyota,Highlander,2008,5UXWX7C58F0620530,490
491,Toyota,T100,1994,WBABS33463J952449,491
492,Honda,Accord,1988,5UXFG8C5XEL731552,492
493,Dodge,D150,1992,KMHGC4DD2DU261201,493
494,Dodge,Durango,2011,WBAUN13549V284617,494
495,Dodge,Neon,1997,1GYFK43868R819416,495
496,BMW,X5,2008,1GYS4AEF5BR993858,496
497,Chevrolet,2500,1999,JN8AZ1MU5CW946095,497
498,Honda,Accord,1983,WAUCVAFR2CA231911,498
499,Toyota,Xtra,1993,SCBLE37GX3C967787,499
500,Nissan,Maxima,1998,JTEBU5JR5C5693030,500
501,Ram,1500,2012,1G6AB5RA2E0496758,501
502,Ford,Fusion,2011,WAUPEAFM7AA394900,502
503,Acura,Integra,2000,WDCYC3HF4DX029237,503
504,Lincoln,Town Car,2010,5N1AA0NCXBN664733,504
505,Ford,Expedition,2005,WBAFZ9C54DD811453,505
506,Cadillac,Fleetwood,1954,JN8AZ2KR7AT809226,506
507,Lexus,LX,1997,JTHDL5EF6F5809564,507
508,Honda,Odyssey,2004,WDDGF4HB3CR821819,508
509,Ford,Windstar,1996,3MZBM1K7XFM924557,509
510,Audi,80/90,1988,WAUEF78E58A520615,510
511,Infiniti,I,1998,WAUEL94FX5N964354,511
512,Suzuki,SJ,1987,WBABS53491J776506,512
513,Toyota,Land Cruiser,1999,WDDEJ7EB5DA444664,513
514,Plymouth,Roadrunner,1969,3VW467AT5DM213429,514
515,BMW,M6,2007,1GYS4EEJ3CR798001,515
516,Buick,Regal,2001,WAUKGAFB1AN539019,516
517,Buick,LeSabre,2004,JM1CW2CL8F0618530,517
518,Toyota,Tacoma,1998,JTHFE2C27C2184557,518
519,Volkswagen,Golf,1997,1N4AL2AP7AC585278,519
520,BMW,7 Series,2011,WDDDJ7CB0AA351187,520
521,Lexus,LS,2004,WAU3MAFDXFN567164,521
522,Mercury,Tracer,1988,2G4WD582461474415,522
523,Mazda,MX-6,1995,2C3CDZATXFH558056,523
524,Audi,Quattro,1993,19UYA42683A246965,524
525,Chevrolet,Tracker,1999,19XFA1F38AE780837,525
526,Nissan,300ZX,1994,WAUEKBFB4AN387660,526
527,Buick,Electra,1986,1G6AZ5SX4F0849299,527
528,Audi,A8,1998,2T1BPRHE2EC816326,528
529,Mazda,CX-9,2007,YV4952CF2C1491946,529
530,Buick,Reatta,1990,1G4GA5EC9BF861393,530
531,Audi,Q7,2007,JH4CL95824C069265,531
532,Dodge,Durango,2008,WAUMGBFL6BA195588,532
533,Cadillac,DTS,2010,3N1AB7APXFL796404,533
534,Kia,Sedona,2002,5LMJJ2H59EE242981,534
535,Geo,Prizm,1995,WBALM7C52CE526491,535
536,Mazda,B-Series,2004,1G6DK8EG2A0855724,536
537,Volvo,S60,2007,5J6TF2H54EL136638,537
538,GMC,Savana 2500,2002,WBAYE8C50FD614183,538
539,Honda,Ridgeline,2010,1C6RD6MT6CS208547,539
540,Chevrolet,Uplander,2006,1N6AF0KY4FN833962,540
541,Lexus,RX,2009,WDDGF4HB3DG191569,541
542,Dodge,D350,1992,WAUSGAFB7AN204721,542
543,Aston Martin,V12 Vantage,2012,JN1EY1AP5EM798174,543
544,Subaru,Legacy,2004,5N1AN0NU0EN646887,544
545,Buick,Century,1985,SCFHDDAJ8CA835334,545
546,Pontiac,Firebird,1989,1B3CB3HA8BD735103,546
547,Chevrolet,Impala,2010,2FMGK5BC5BB618468,547
548,Toyota,Camry Solara,2008,1FTFW1E8XAF345383,548
549,Volkswagen,Scirocco,1984,2C3CDXEJ8CH371181,549
550,Acura,ZDX,2010,1GYFK33249R884191,550
551,Ford,Thunderbird,1987,WVWAA7AJ3BW513163,551
552,Jaguar,XK Series,2002,WAUGFBFC5DN627535,552
553,Maserati,Spyder,1989,1GKS1FEJ5CR252924,553
554,Ford,E250,2011,3C63DRGL3CG811627,554
555,Volkswagen,Quantum,1984,4T1BF1FK8EU658621,555
556,Ford,Windstar,1999,WA1YD54B02N012407,556
557,Dodge,Neon,2000,JM1DE1HY4B0803755,557
558,Acura,TL,2011,2T1BURHE9FC460919,558
559,Ford,Taurus,1991,1G4GD5GR8CF117035,559
560,Chrysler,Concorde,1999,1FADP3E21FL668749,560
561,Hyundai,Elantra,1998,1FTMF1CW8AK019730,561
562,Mitsubishi,Eclipse,1997,WBAGL63534D753694,562
563,Chevrolet,Avalanche,2011,WAUFFAFL6BN447404,563
564,Plymouth,Acclaim,1994,WBABD53454P446213,564
565,Mitsubishi,Mighty Max Macro,1993,JN1AZ4EH9BM731220,565
566,Pontiac,Vibe,2004,1FMJU1J57AE894942,566
567,Mitsubishi,Mirage,1987,4A31K5DF1AE516508,567
568,Infiniti,M,2011,3N1CN7AP3EL226064,568
569,Ford,Courier,1986,WA1LKBFP7AA470314,569
570,Volkswagen,Scirocco,1986,WBA3V9C53F5632736,570
571,Chevrolet,Silverado 1500,2007,2T1KU4EE9DC547210,571
572,GMC,Yukon,2000,5TDDK4CCXAS557781,572
573,Chevrolet,Silverado 1500,2004,JN1CV6EK8BM952433,573
574,Honda,Passport,1996,3GYFNDE3XDS651716,574
575,Buick,LaCrosse,2006,1G4GD5ED4BF216599,575
576,Ford,F-Series,2004,1D7RE3BK2AS218915,576
577,Nissan,Sentra,2012,TRUB3AFK4D1839685,577
578,Volvo,V70,2006,5GAKRBKDXDJ109173,578
579,Hyundai,Accent,2011,WDCGG0EB8FG910655,579
580,Porsche,944,1987,JN1AJ0HP2CM976459,580
581,Audi,A3,2009,19VDE1F74EE596007,581
582,Chevrolet,Malibu,2012,1G4GC5EC5BF661119,582
583,Cadillac,Allante,1992,1N6AF0KY6EN598639,583
584,Kia,Amanti,2006,1GD312CG0CF781873,584
585,Mercedes-Benz,400E,1993,WDDGF4HB5EA678972,585
586,GMC,1500 Club Coupe,1998,2C3CDXHG1DH454257,586
587,Porsche,911,2012,YV4902DZ0B2344444,587
588,Chrysler,Fifth Ave,1993,WAUDH78E88A301931,588
589,Plymouth,Colt,1994,WBAWV13538P261812,589
590,Isuzu,i-Series,2008,5J8TB18507A331907,590
591,Mitsubishi,Galant,2012,1G6DA1ED5B0547433,591
592,Ford,Escort,1986,WAUKF78E57A611501,592
593,GMC,Savana 3500,2005,1G6KD54Y14U836993,593
594,Toyota,Tacoma,2007,1N6AF0LY4EN610284,594
595,Kia,Sportage,1999,WBAVC73597K031840,595
596,Chevrolet,Tracker,2001,JTDKDTB33D1831448,596
597,Pontiac,Grand Prix,1990,1C3BCBGG3CN213342,597
598,Pontiac,G5,2007,2C4RRGAG0DR037711,598
599,Mazda,Miata MX-5,2004,WAUVT58E94A491384,599
600,Mazda,B-Series Plus,2001,1FTEW1CW2AK875836,600
601,Cadillac,XLR,2008,KMHHT6KD9BU218071,601
602,Acura,NSX,2000,WA1AY74L98D019834,602
603,Dodge,Intrepid,1996,3N1CN7AP9FL591026,603
604,Lincoln,Town Car,2005,1D4PT5GK8AW197222,604
605,Hummer,H2,2007,2G4GV5GV4D9210736,605
606,Volvo,XC90,2005,JN8AE2KP5E9600712,606
607,Chevrolet,G-Series G20,1994,5TFBY5F15CX593851,607
608,Ford,Contour,1995,WAUBF78E18A059450,608
609,Chevrolet,Avalanche,2011,JH4KB16557C795436,609
610,Hyundai,Sonata,2006,SALSF2D40DA091747,610
611,Nissan,Maxima,1995,ZFBCFABH3EZ430583,611
612,Mercury,Cougar,1997,WBABN53473J999296,612
613,Chevrolet,Astro,1993,1G4HP57237U043829,613
614,Chevrolet,Suburban 1500,1997,JN1CV6AR8FM893795,614
615,BMW,X5,2013,WP0AB2A93BS746246,615
616,GMC,Sonoma,2002,3N1CN7AP8FL959891,616
617,Nissan,Murano,2007,2C3CDXBG9FH606457,617
618,Ford,Explorer,1994,WA1VFBFL4EA976389,618
619,Mercury,Grand Marquis,1998,2LMHJ5ARXBB956663,619
620,Pontiac,1000,1986,WBA3C1C51EK190367,620
621,Pontiac,Sunbird,1994,WBANF33587C742858,621
622,Chevrolet,Corvette,1959,WAURVAFA4AN671249,622
623,Ford,Crown Victoria,2005,WDBWK5EA8AF857439,623
624,BMW,525,2005,YV4612HK0F1667434,624
625,Toyota,Tundra,2007,WBSBL93404J904216,625
626,Buick,Regal,1989,1GYFK63878R745824,626
627,Volkswagen,Passat,1997,WAUVT68E15A119254,627
628,Ford,Explorer,1995,WBSPM93599E958917,628
629,Oldsmobile,Bravada,1992,KMHTC6AD3FU682555,629
630,Ford,F250,2009,WA1VFAFL5DA044209,630
631,Lincoln,Navigator,2009,1FTWX3D50AE890661,631
632,Mitsubishi,Montero Sport,1998,WAUKFBFLXAA102595,632
633,Pontiac,LeMans,1993,1YVHZ8BH2A5361187,633
634,Honda,Element,2004,3C6JD6AK2CG186627,634
635,Saab,9-5,2008,WP1AA2AP6AL195655,635
636,Nissan,Sentra,1994,WAULT68E54A448058,636
637,Infiniti,FX,2007,W04G15GV5B1759146,637
638,Pontiac,Bonneville,1999,1VWAH7A30DC184047,638
639,BMW,X5,2000,5UXFB93542L390679,639
640,Lotus,Esprit,1995,19UUA86249A861163,640
641,Lexus,IS F,2010,4T3BK3BB1FU167443,641
642,Volkswagen,GTI,1990,WBAEP334X5P435430,642
643,Chrysler,LeBaron,1995,JN1AZ4EH0AM136500,643
644,Infiniti,M,2012,JN8CS1MU3EM912040,644
645,Lincoln,Navigator,2008,JH4KC1F31EC569967,645
646,Toyota,Tacoma Xtra,2001,1GYS4FEJ6CR647367,646
647,Chevrolet,Camaro,1974,3GYFK66N35G020931,647
648,Lexus,SC,1993,YV1672MK4D2359062,648
649,Hyundai,Accent,2006,KNAFT4A22A5228995,649
650,Plymouth,Acclaim,1994,3VW4T7AT8EM151518,650
651,Ford,F250,2000,1N6AD0CU0EN614240,651
652,Toyota,Celica,2003,1G6AE1R30F0796575,652
653,Chevrolet,1500,1992,JM1NC2LF8F0787961,653
654,Chevrolet,Caprice,1991,1D7RV1GP5AS912703,654
655,Chevrolet,Tahoe,2003,SCFLDCFP8EG696291,655
656,Nissan,Xterra,2004,1YVHZ8BA1A5194999,656
657,Lexus,IS-F,2008,2HKRM3H33FH308271,657
658,Pontiac,Chevette,1987,WAUSF78K69A999122,658
659,Toyota,Corolla,1993,1C3BC8EG3BN143670,659
660,Dodge,Ram Van 2500,1995,WAUFFAFL8BN331606,660
661,Ford,F450,2011,WUARL48H94K251323,661
662,Nissan,Frontier,2005,WAUUL78E65A426713,662
663,Ford,Expedition EL,2009,WAUYGBFC4DN783194,663
664,Infiniti,M,2004,WAUNF98P67A223624,664
665,Kia,Mentor,1997,1C4RDJAG7DC617591,665
666,Ford,Mustang,1980,WAUEV94F08N395061,666
667,Chevrolet,Tahoe,2010,1G6KD57958U737927,667
668,Infiniti,G,2008,3FADP4AJ1BM505434,668
669,Lamborghini,Diablo,1990,1GYUKCEF3AR052076,669
670,Kia,Spectra,2004,1G6KF549X3U566387,670
671,Volkswagen,Golf III,1995,YV1960ASXA1850875,671
672,Pontiac,Vibe,2006,WP0AA2A97DS749172,672
673,Volkswagen,GTI,2001,WBAGN63565D677755,673
674,Cadillac,Escalade ESV,2006,1G6DP5EV2A0242503,674
675,Mitsubishi,Excel,1988,1G6DL5EV5A0486383,675
676,Pontiac,Grand Prix,1970,SCFFDCCD0BG966505,676
677,Pontiac,GTO,1967,SCFAB01E49G057011,677
678,Ford,Bronco,1992,5GADT13S742853616,678
679,Acura,RDX,2012,SAJWA0JH3EM332169,679
680,Mercedes-Benz,SLS-Class,2011,1D7RW2GKXBS231090,680
681,Jaguar,XJ Series,1995,19VDE2E51EE999366,681
682,Ford,Econoline E250,2001,1N6BF0KX4FN920658,682
683,Subaru,Forester,2006,SALWR2VF4FA359596,683
684,Toyota,Highlander,2003,WA1WKBFP1AA554352,684
685,Hyundai,Accent,2007,1GYS4DEF4BR380597,685
686,Saab,9-5,2008,4USBT53514L392411,686
687,Acura,RL,2007,WAUXD68D41A432757,687
688,Saturn,Outlook,2009,JA32U2FUXFU022073,688
689,Volkswagen,Scirocco,1988,4A37L2EF8AE588259,689
690,Chevrolet,Express 2500,1996,1FTSX2A52AE489321,690
691,Nissan,Titan,2006,1C4SDJCT5CC359310,691
692,Mitsubishi,Eclipse,1992,WBAPH7C5XAA004377,692
693,Volvo,S60,2008,SCFEBBAC8AG657501,693
694,Toyota,Tundra,2008,1G6AE5S39F0185011,694
695,Land Rover,LR4,2012,1G6DF8E52D0359135,695
696,Chevrolet,Monte Carlo,1998,WAUBF48H37K745264,696
697,Mitsubishi,Precis,1992,WAUDF48H87K485680,697
698,Pontiac,G3,2010,JHMZF1C44CS771403,698
699,Oldsmobile,98,1994,1FTDS3EL5AD884959,699
700,Mazda,Mazda6,2010,WAUJT58E14A725046,700
701,Cadillac,XLR,2009,SCBDC4BL1AC886565,701
702,Maserati,GranSport,2006,1G4CU541844983229,702
703,Chevrolet,Prizm,2001,WVGAV3AX0DW300395,703
704,Pontiac,Sunfire,1999,1GYS4JKJ5FR350487,704
705,Mitsubishi,Eclipse,1993,WAUSFAFL7AA482277,705
706,Mercedes-Benz,M-Class,2002,1C4AJWAGXFL157932,706
707,BMW,3 Series,2012,3GYFNBE37ES550736,707
708,Acura,RL,2000,1D7RW7GP1AS243703,708
709,Rambler,Classic,1963,3C6TD5LT2CG825839,709
710,Chevrolet,Silverado 2500,2002,WA1DKAFP6BA663490,710
711,Mitsubishi,GTO,1997,WAUSH78E56A240932,711
712,GMC,Savana 3500,2008,3D73M3HL7BG816452,712
713,Lincoln,Town Car,1987,2C4RDGAG9CR246992,713
714,Jaguar,S-Type,2002,SCBEC9ZA7FC705112,714
715,Chevrolet,Corvette,1992,JN1BJ0HP1EM298066,715
716,Ford,Expedition,2010,4T1BF1FK0EU259685,716
717,Honda,Element,2003,TRUUT28N011275700,717
718,Infiniti,I,1996,1G6AJ5SX8F0270579,718
719,GMC,Yukon XL 1500,2009,1HGCP2E79AA731114,719
720,Plymouth,Laser,1990,SCFFDAAE3BG972881,720
721,Subaru,Impreza,2012,WAUKGAFB6BN652076,721
722,Kia,Spectra,2005,3GTU2YEJ1BG344480,722
723,Ford,Thunderbird,1996,1D7RW3BK6BS085929,723
724,Audi,S8,2009,2FMGK5BC7BB853227,724
725,GMC,1500 Club Coupe,1993,KL4CJHSB3DB428317,725
726,Infiniti,G,1999,WBADS43401G460539,726
727,Suzuki,Grand Vitara,2009,SALSF2D40DA899743,727
728,Mercury,Grand Marquis,1991,WAULT58EX5A180765,728
729,Chevrolet,Suburban 2500,2005,WBANU53599B023547,729
730,Audi,TT,2009,WAUDF78E05A129752,730
731,Dodge,Charger,2009,SALAF2D42AA074486,731
732,Acura,CL,2002,JH4KC1F90FC652277,732
733,Subaru,Forester,1998,WAUFGAFC5EN883081,733
734,Kia,Carens,2008,1G6KE57Y81U939946,734
735,Chevrolet,Venture,2001,1GTC5LF96C8242755,735
736,Mercedes-Benz,SL-Class,2000,3G5DB03E34S770248,736
737,Suzuki,XL-7,2003,5J8TB1H26AA368263,737
738,Volkswagen,Fox,1992,SCBZB25E62C658119,738
739,Acura,MDX,2005,WP0CA2A80DK743844,739
740,Ford,E-Series,2003,5TDBK3EH1BS790962,740
741,Chevrolet,Express 1500,2000,TRUSC28N221544661,741
742,Chevrolet,Impala,2000,1N6AD0CU8FN002854,742
743,Nissan,Altima,2006,5GADX23L35D754235,743
744,Chevrolet,Traverse,2012,3FAHP0DC9BR549983,744
745,Volkswagen,Golf,1994,WAUEL74F05N244923,745
746,GMC,Vandura G1500,1995,JN8AZ2NC7B9212468,746
747,BMW,7 Series,2001,WBAYA6C50DD310302,747
748,Ford,GT500,2007,JTEBU5JR2E5549504,748
749,Ford,Laser,1987,KMHHT6KD7DU402296,749
750,Lexus,ES,1992,JH4DC53863C124038,750
751,GMC,Savana 2500,1999,WBAUN93558V236010,751
752,Kia,Sedona,2008,WBALL5C52CJ006550,752
753,Dodge,Viper,2009,19XFB4F27DE755549,753
754,Pontiac,Firebird,1969,JN8AZ2KR2BT865527,754
755,Chevrolet,Silverado 2500,2010,WA1LGBFE4DD048150,755
756,Kia,Sephia,2001,WVGEF9BP4FD072674,756
757,Isuzu,Rodeo Sport,2003,WBAVA33508K993282,757
758,Ford,Ranger,1990,2HKRM3H31FH859296,758
759,Volkswagen,GTI,1988,WAUEG98E36A506718,759
760,Buick,LeSabre,2005,WAUBVAFB1AN896206,760
761,Volkswagen,Eurovan,1993,1FM5K7B81EG228883,761
762,Chrysler,200,2012,WBAFR9C58BD987967,762
763,Audi,S8,2003,1D7RB1GP8AS308331,763
764,Isuzu,Rodeo,2001,WBAXH5C53CD037243,764
765,Mitsubishi,GTO,1990,WAUKH74F58N591804,765
766,Dodge,Colt,1993,WAUPFAFM0CA183375,766
767,Mercedes-Benz,M-Class,2011,1GD22ZCG9DZ956591,767
768,Honda,Civic,1988,5FPYK1F2XBB194804,768
769,Ford,Bronco,1987,5J8TB4H54DL960670,769
770,Nissan,Rogue,2010,5FPYK1F63EB480937,770
771,GMC,Yukon XL 2500,2010,1G6YV34A645038269,771
772,Lexus,ES,1996,19UUA76678A365902,772
773,Ford,Bronco,1993,WAUSF78K09A601497,773
774,Mazda,Tribute,2010,1GYFC26229R413188,774
775,Ford,Explorer,2007,JTDJTUD30DD730366,775
776,Aston Martin,Rapide,2012,SCBEC9ZAXEC328385,776
777,Infiniti,QX,2002,JN8AF5MR1CT485328,777
778,Ford,Escort,1984,WAUJC68E22A659612,778
779,Lamborghini,Murciélago,2004,WAUSF98K79N223585,779
780,Lexus,RX Hybrid,2012,4T3BA3BB7BU717418,780
781,Lexus,GS,2002,1YVHZ8BH6D5345630,781
782,Mercury,Mountaineer,2005,JTEBU5JR2F5115780,782
783,Jeep,Wrangler,1999,5GAEV237X8J723793,783
784,Honda,Insight,2011,1G6AP5SX5F0048726,784
785,Acura,TSX,2006,3N1CE2CP6FL939154,785
786,Fiat,Nuova 500,2012,WBA3A5C55FP548748,786
787,Pontiac,Grand Prix,1983,1GKUCKE00AR048774,787
788,Dodge,Grand Caravan,2008,1G4GE5ED5BF226801,788
789,Mitsubishi,Truck,1991,WBAUC9C55DV768096,789
790,Kia,Soul,2011,WBANF73587C004873,790
791,Kia,Rio,2012,JH4CL95885C636094,791
792,GMC,Envoy XL,2006,3VWKX7AJXAM904955,792
793,Lotus,Elan,1992,1GD02XEG7FZ021176,793
794,Kia,Sorento,2009,WBA3A9C50EK210239,794
795,Dodge,Intrepid,2004,3D7TP2CT8BG702789,795
796,Suzuki,Grand Vitara,2008,JN1BJ0HR2FM497792,796
797,Bentley,Continental GTC,2011,WP0AA2A97AS905433,797
798,Plymouth,Voyager,1997,JN8AE2KP9B9471286,798
799,Honda,Ridgeline,2012,1G6DP8E30C0739715,799
800,Audi,RS 6,2003,3N1AB7AP0FY568866,800
801,GMC,Canyon,2005,1FT7W2A63EE302143,801
802,Volkswagen,Jetta,2000,1N6AA0ECXFN524480,802
803,Mercedes-Benz,CL-Class,2000,NM0KS6AN7AT919068,803
804,Audi,A5,2009,JM1NC2JF1B0804421,804
805,Lexus,LX,2003,JN1AZ4EH1FM523869,805
806,Lamborghini,Murciélago,2009,3VW467AT8DM601044,806
807,Mercedes-Benz,W201,1984,JH4CW2H6XEC573976,807
808,Mazda,Miata MX-5,1996,1HGCR2E79DA223711,808
809,Porsche,924 S,1987,1C4RDHEG1CC312976,809
810,Maserati,430,1991,5N1AZ2MG3FN221239,810
811,Mazda,B-Series Plus,2001,1N6AD0CU3DN178921,811
812,Mitsubishi,Galant,1993,WAUKF98E56A284205,812
813,Pontiac,Firebird,2001,SALGS2TF8FA625956,813
814,Toyota,Camry,1998,1G6KF57903U939612,814
815,Mercury,Mountaineer,2000,WA1CGAFEXED282403,815
816,Mazda,Miata MX-5,2007,3VW507AT9EM859533,816
817,Bentley,Continental GT,2006,1G4PS5SK2F4398278,817
818,Pontiac,Firebird,2002,WBAGN63492D204676,818
819,Ford,Aerostar,1992,JH4CL95975C691791,819
820,Oldsmobile,Alero,2004,WA1GFCFS6FR567674,820
821,Ford,Taurus,2013,1G6AM5S35D0589701,821
822,BMW,M3,1998,1HGCR6F56FA876603,822
823,Chevrolet,Suburban,2011,1N6AD0CU4BC775083,823
824,Subaru,Impreza,2005,4F2CY0C78AK454582,824
825,Aston Martin,Vantage,2011,19UUA8F26DA169009,825
826,Oldsmobile,Ciera,1994,3GTU2YEJ6BG500562,826
827,Lotus,Evora,2010,WBAWC7C57AP333741,827
828,Honda,Civic,1980,WAUGL98EX7A392707,828
829,Mercury,Mountaineer,2003,5NPDH4AE3DH637906,829
830,Ford,Econoline E150,1993,3C4PDDDGXDT670164,830
831,Chevrolet,Venture,1997,5N1AA0ND4FN954254,831
832,Toyota,Solara,2005,JN8AS5MTXAW145890,832
833,Ford,Crown Victoria,2010,WAUPEBFM4CA631769,833
834,Dodge,Magnum,2006,JTHBE1BL6D5544405,834
835,BMW,330,2006,2C4RDGEG8CR039679,835
836,Ford,E150,2006,WA1LKAFP4AA094519,836
837,Toyota,Solara,2005,1G6AB5RA2E0112106,837
838,Lincoln,Town Car,1995,KMHDB8AE0BU520968,838
839,Land Rover,Range Rover,2002,WUAUUAFGXEN158990,839
840,Mercury,Grand Marquis,2007,SCBCR73W88C453324,840
841,Mazda,Mazda6,2005,5J8TB3H39DL944750,841
842,Chevrolet,Camaro,1973,WBA3T7C56F5652604,842
843,Kia,Sportage,2012,WBAYP1C50DD381324,843
844,Chevrolet,Monte Carlo,1998,2C3CDXBG8DH243081,844
845,Toyota,Tacoma Xtra,1999,1FTSW3B51AE537107,845
846,Mazda,Protege,1997,SAJWA8JH2EM417311,846
847,Mitsubishi,Lancer,2005,JN1BY1AR5FM154325,847
848,Toyota,Highlander,2006,WVGAV7AX3FW337841,848
849,BMW,X5,2005,1G6DU6EA4A0417149,849
850,Pontiac,Bonneville,1989,1FMCU0E73AK075118,850
851,Volkswagen,rio,2001,1GD020CG8BF167298,851
852,Ford,E-Series,2009,1N6AA0EC1DN874240,852
853,Lincoln,MKX,2012,1FTWX3A57AE336571,853
854,Acura,TL,1998,1FMJK1G53AE718659,854
855,Mazda,Miata MX-5,2006,WBAUT93549A486191,855
856,GMC,Acadia,2008,SCFFDECN3CG166321,856
857,Toyota,Supra,1992,19UUA65624A921653,857
858,Audi,80,1991,WDCYC3HF7DX318192,858
859,Dodge,Ramcharger,1992,2FMHK6DC5AB479271,859
860,Kia,Rio,2008,1FADP3E22FL934733,860
861,Chevrolet,Astro,1994,3D7JB1EP7BG340437,861
862,Infiniti,G,2006,1G6DC5EY8B0140887,862
863,Lincoln,MKT,2012,WBAUP9C53AV090142,863
864,Ferrari,F430 Spider,2006,1FTEX1EW3AK555015,864
865,Mercedes-Benz,SL-Class,2001,3D4PG5FV7AT581742,865
866,Lexus,LX,1998,5UMCL934X2L853445,866
867,Jeep,Wrangler,2010,1N6AA0EJ6FN390114,867
868,Pontiac,GTO,1968,WBA5A7C51FD234522,868
869,Volvo,S40,2005,WBA3R5C54EK810702,869
870,Mitsubishi,Outlander,2012,1GD312CG6BF983938,870
871,Cadillac,XLR-V,2009,3C3CFFDR1CT282930,871
872,Honda,Passport,1999,2LMDJ6JK3EB120253,872
873,Toyota,RAV4,2007,4A31K5DF2CE759411,873
874,Mitsubishi,Outlander,2007,1GYFK26209R204857,874
875,Audi,S6,2007,3GTXCYEJ3AG014042,875
876,Pontiac,Firebird,1984,19UYA42433A637004,876
877,Isuzu,Ascender,2005,JTHBL5EF3F1517899,877
878,Hyundai,Tiburon,2000,1N6AD0CW1EN126061,878
879,Lexus,IS-F,2011,WAUWFAFL0AA923782,879
880,Jeep,Wrangler,2012,JN1CV6EK3CM222172,880
881,BMW,M3,2003,1FMJK1F58AE605050,881
882,Lexus,SC,2006,2FMDK3GC0AB833870,882
883,Ford,Probe,1992,WBAGN63444D705848,883
884,Chevrolet,Camaro,1985,JN8AE2KP7B9989963,884
885,Buick,Regal,2001,1G6DM8E30D0715859,885
886,GMC,Suburban 1500,1992,WVGAV7AX3CW021089,886
887,Mazda,Mazdaspeed6,2007,WBAFR7C56DD839582,887
888,Pontiac,Sunbird,1985,SALAB2D44DA605493,888
889,GMC,Savana 2500,2000,WVWED7AJ0BW294848,889
890,Infiniti,EX,2012,JHMGE8G38DC916894,890
891,Volkswagen,Tiguan,2009,WAUUL58E75A889089,891
892,Hummer,H1,2000,4T1BF1FKXEU030916,892
893,Ford,E-Series,2001,JH4KB26589C978774,893
894,Audi,4000s Quattro,1986,WBA3B9C5XFP563444,894
895,Chevrolet,Tahoe,2002,WBA3T7C53FP139234,895
896,Ford,E-350 Super Duty Van,2006,WAUGU54D71N845684,896
897,Kia,Sedona,2011,SCFFDCCDXCG281042,897
898,Maserati,Quattroporte,1985,WP0AA2A82FK801768,898
899,Ford,GT,2006,5GADV23187D055786,899
900,Chevrolet,Corvette,2008,SCFAD05D59G505669,900
901,Chevrolet,Tahoe,2010,1FTWX3B53AE110736,901
902,Toyota,Supra,1994,2G4GR5ECXB9987635,902
903,Honda,Accord,1996,JH4KB16587C875782,903
904,Hummer,H1,1998,WVWED7AJ8BW877748,904
905,Toyota,Matrix,2012,5GADS13S672260773,905
906,Subaru,Baja,2006,WBAKE3C52BE236624,906
907,Cadillac,DeVille,2000,KMHTC6AD4DU207185,907
908,Audi,A6,2008,JM1NC2NF4E0516519,908
909,Smart,Fortwo,2010,3C4PDCABXDT081053,909
910,Audi,S6,2008,4A31K3DT4AE121362,910
911,Hyundai,Elantra,2007,WDDGF4HBXEG706519,911
912,Volvo,XC90,2007,1GYEK63N14R263653,912
913,Pontiac,Firebird,2001,WAUHFAFL8BN581632,913
914,Mitsubishi,Galant,2008,JN1AZ4EH2AM322930,914
915,Mercedes-Benz,600SL,1993,1G4CW54K654425898,915
916,Isuzu,i-Series,2007,1G4GH5G34CF661919,916
917,Suzuki,Sidekick,1990,2T1BU4EE2CC191746,917
918,BMW,Z8,2001,WAUBH78E36A879164,918
919,Mercedes-Benz,S-Class,2005,2T1KU4EEXBC346252,919
920,Ford,E-Series,2008,WP0CB2A87CS690992,920
921,Pontiac,Montana,2000,5TDDK3DC6DS958094,921
922,Nissan,Maxima,1997,3D7TT2HTXBG541592,922
923,Nissan,Versa,2008,4T1BD1EB2FU151139,923
924,Infiniti,QX,1999,WAUEG98E46A711447,924
925,Pontiac,Grand Am,1997,WAULFAFR3AA755479,925
926,Chevrolet,Caprice,1996,WAUGFAFC6FN296641,926
927,Audi,A5,2008,1D4PU6GX3BW561403,927
928,Volvo,S60,2006,WVGEF9BP5DD243512,928
929,Nissan,Sentra,2005,JH4DC54814S631001,929
930,Toyota,Tundra,2009,WP1AA2A25BL508040,930
931,Honda,Accord,1999,WAUCVAFR0CA957234,931
932,Infiniti,I,2004,JTHBE1KS1B0190763,932
933,Chevrolet,Tahoe,2007,3C4PDCDG0CT390116,933
934,Scion,tC,2010,SCFBF03B47G119743,934
935,GMC,Savana 1500,2009,ZFBCFADH3EZ432685,935
936,Audi,A6,2009,2G4GK5EX8E9804101,936
937,Mazda,B-Series Plus,1995,3C3CFFFH6CT017487,937
938,Kia,Sedona,2006,1FTMF1CW5AK220694,938
939,Scion,tC,2011,5GAKVBED2BJ256303,939
940,Toyota,Tacoma Xtra,2004,1G6KE54YX5U216416,940
941,Dodge,Dakota Club,1999,2T1BU4EE1BC753506,941
942,Chevrolet,Classic,2005,1G6AZ5SXXE0324116,942
943,Saturn,Outlook,2009,JTDKTUD38DD602431,943
944,Toyota,4Runner,2006,5J8TB4H59DL785171,944
945,Hyundai,Santa Fe,2005,WAUAC48H14K201765,945
946,Volkswagen,Cabriolet,2000,3VWPG3AG0AM275760,946
947,Volkswagen,Jetta,2005,WBA3B3C53DF476727,947
948,Ford,Explorer,1993,WBANB33544B955383,948
949,Lexus,ES,2010,1GKUCHE01AR008853,949
950,Geo,Metro,1995,JTDKDTB34C1248546,950
951,Pontiac,Bonneville,1986,1GYS3GEFXBR660349,951
952,Subaru,Legacy,2002,5J8TB18567A229396,952
953,Kia,Rio,2003,KNAGM4ADXD5831913,953
954,Audi,S4,1992,1G4HP57288U109647,954
955,Saturn,Aura,2008,WAUSH78E98A394997,955
956,GMC,Yukon XL 1500,2003,1G6AS5SX9E0547350,956
957,Volkswagen,R32,2009,5N1AZ2MG7FN492000,957
958,Ford,Explorer,2007,5XYKT3A12CG130224,958
959,BMW,Z4,2003,JA4AS2AW3DU579765,959
960,Volvo,S60,2002,JM1NC2NF3E0156529,960
961,BMW,X5 M,2011,WBANA73594B702909,961
962,Honda,CR-Z,2012,3GYEK62N65G241859,962
963,Ford,Mustang,2002,JN1AZ4EH3FM731073,963
964,Chevrolet,Silverado 1500,2001,1G4GB5GR4FF982644,964
965,Chevrolet,Express 1500,2005,SCFHDDAJ1BA113735,965
966,Toyota,Land Cruiser,2000,SAJWA4DB9EL284438,966
967,GMC,Savana 2500,2012,WVWED7AJ8BW610710,967
968,Audi,Allroad,2005,WAUAF78E18A180362,968
969,Mazda,MX-3,1996,YV1672MK6C2788427,969
970,Chevrolet,Cavalier,1999,KNDJN2A25F7447859,970
971,Audi,TT,2004,5J8TB3H59FL264285,971
972,Plymouth,Prowler,2000,WAUEF78E48A327551,972
973,Suzuki,X-90,1997,1YVHZ8BH1A5706290,973
974,Audi,RS 4,2008,1C3BCBEB2DN340785,974
975,Nissan,Altima,2006,KMHDB8AE9BU779457,975
976,Mitsubishi,Truck,1990,5TDBY5G19ES324517,976
977,Saturn,S-Series,2002,WAULL44E65N234104,977
978,Maybach,57S,2005,KMHDB8AE6CU185670,978
979,Ford,Mustang,1989,3C4PDDAGXFT919117,979
980,Dodge,Grand Caravan,2001,WAUVFAFR4CA376762,980
981,Cadillac,STS-V,2008,1N6BF0KL0FN501395,981
982,Jeep,Grand Cherokee,1997,1G4HE57Y28U312642,982
983,Ford,E250,2006,KMHHT6KD7CU813437,983
984,Mitsubishi,Lancer,2007,SCFFDCBD3CG071187,984
985,Buick,LeSabre,1993,WBA3A9C50DF026572,985
986,Nissan,Murano,2012,1C3BCBEB0DN917412,986
987,Porsche,911,1996,JTHBF1D25F5046121,987
988,Mercedes-Benz,CLK-Class,2004,WAUEFAFL0DA203401,988
989,Pontiac,Bonneville,2002,WAULFAFR1BA339075,989
990,Pontiac,Firebird Formula,1999,JH4KA96672C646237,990
991,Land Rover,LR3,2005,1N6AA0ECXDN620204,991
992,Toyota,Land Cruiser,2004,JN1AZ4EH3DM908315,992
993,Chevrolet,Tahoe,2007,1C6RD6FP0CS503188,993
994,Isuzu,Ascender,2003,1G4GL5E32DF916344,994
995,Pontiac,Aztek,2004,WBAUC9C56CV180979,995
996,Suzuki,XL-7,2007,KL4CJESB9EB969534,996
997,Saturn,VUE,2004,WBAYA6C53DD745170,997
998,Toyota,4Runner,2007,2T1BURHE8EC441180,998
999,Audi,S4,2007,WBA3A5C54FP323446,999
1000,Audi,RS4,2007,5FRYD4H98GB852625,1000
